{
    "cone": [[-0.5, -1, 0.866025], [0, 1, 0], [0.5, -1, 0.866025], [-0.5, -1, 0.866025], [-1, -1, -1.5885e-07],
             [0, 1, 0], [-1, -1, -1.5885e-07], [-0.5, -1, -0.866026], [0, 1, 0], [0.5, -1, -0.866025],
             [-0.5, -1, -0.866026], [0.5, -1, -0.866025], [0, 1, 0], [1, -1, 0], [0.5, -1, -0.866025], [1, -1, 0],
             [0.5, -1, 0.866025]],

    "cube": [[1, 1, 1], [1, 1, -1], [-1, 1, -1], [-1, 1, 1], [1, 1, 1], [1, -1, 1], [1, -1, -1], [1, 1, -1],
             [-1, 1, -1], [-1, -1, -1], [1, -1, -1], [-1, -1, -1], [-1, -1, 1], [-1, 1, 1], [-1, -1, 1], [1, -1, 1]],

    "diamond": [[0, 1, 0], [-1, 0, 0], [0, 0, 1], [0, 1, 0], [1, 0, 0], [0, 0, 1], [1, 0, 0], [0, 0, -1], [0, 1, 0],
                [0, 0, -1], [-1, 0, 0], [0, -1, 0], [0, 0, -1], [1, 0, 0], [0, -1, 0], [0, 0, 1]],

    "knot": [[0, 0, 1], [0, -0.5, 0.866], [0, -0.866, 0.5], [0, -1, 0], [0.5, -0.866, 0], [0.866, -0.5, 0],
             [1, 0, 0], [0.866, 0, -0.5], [0.5, 0, -0.866], [0, 0, -1], [0, -0.5, -0.866], [0, -0.866, -0.5],
             [0, -1, 0], [-0.5, -0.866, 0], [-0.866, -0.5, 0], [-1, 0, 0], [-0.866, 0, 0.5], [-0.5, 0, 0.866],
             [0, 0, 1], [0.5, 0, 0.866], [0.866, 0, 0.5], [1, 0, 0], [0.866, 0.5, 0], [0.5, 0.866, 0], [0, 1, 0],
             [0, 0.866, -0.5], [0, 0.5, -0.866], [0, 0, -1], [-0.5, 0, -0.866], [-0.866, 0, -0.5], [-1, 0, 0],
             [-0.866, 0.5, 0], [-0.5, 0.866, 0], [0, 1, 0], [0, 0.866, 0.5], [0, 0.5, 0.866], [0, 0, 1]],

    "proxy": [[0, 12, 0], [0, 1, 0], [-1, 0, 0], [-12, 0, 0], [-1, 0, 0], [0, 0, 1], [0, 0, 12], [0, 0, 1],
              [0, 1, 0], [1, 0, 0], [12, 0, 0], [1, 0, 0], [0, 0, 1], [1, 0, 0], [0, 0, -1], [0, 0, -12],
              [0, 0, -1], [0, 1, 0], [0, 0, -1], [-1, 0, 0], [0, -1, 0], [0, 0, -1], [1, 0, 0], [0, -1, 0],
              [0, -12, 0], [0, -1, 0], [0, 0, 1]],

    "pyramid": [[0, 0, 0], [0, -0.7, 0.7], [0.7, -0.7, 0], [0, 0, 0], [0.7, -0.7, 0], [0, -0.7, -0.7], [0, 0, 0],
                [0, -0.7, -0.7], [-0.7, -0.7, 0], [0, 0, 0], [-0.7, -0.7, 0], [0, -0.7, 0.7]],

    "quad_arrow": [[1, 0, 1], [3, 0, 1], [3, 0, 2], [5, 0, 0], [3, 0, -2], [3, 0, -1], [1, 0, -1], [1, 0, -3],
                   [2, 0, -3], [0, 0, -5], [-2, 0, -3], [-1, 0, -3], [-1, 0, -1], [-3, 0, -1], [-3, 0, -2],
                   [-5, 0, 0], [-3, 0, 2], [-3, 0, 1], [-1, 0, 1], [-1, 0, 3], [-2, 0, 3], [0, 0, 5], [2, 0, 3],
                   [1, 0, 3], [1, 0, 1]],

    "single_arrow": [[0, 1.003235, 0], [0.668823, 0, 0], [0.334412, 0, 0], [0.334412, -0.167206, 0],
                     [0.334412, -0.501617, 0], [0.334412, -1.003235, 0], [-0.334412, -1.003235, 0],
                     [-0.334412, -0.501617, 0], [-0.334412, -0.167206, 0], [-0.334412, 0, 0],
                     [-0.668823, 0, 0], [0, 1.003235, 0]],

    "square": [[-1, 0, -1], [1, 0, -1], [1, 0, 1], [-1, 0, 1], [-1, 0, -1]]
}